Gene,rsid,Normal Genotypes,Risk Genotypes,Risk Description,Function,Affected Ingredients,Alternative Ingredients,Source
FLG,rs61816761,TT,"CT,TC,CC","Compromised skin barrier; higher risk of dryness, eczema, and irritation from surfactants and exfoliants.",Skin barrier function,"Surfactants, chemical exfoliants (AHAs, BHAs)","Non-foaming cleansers, PHAs (e.g., gluconolactone), ceramides, cholesterol, fatty acids","https://www.ncbi.nlm.nih.gov/snp/rs61816761"
TYR,rs1126809,AA,"AG, GA, GG","Altered melanin production; potential for inconsistent pigmentation treatment results.",Melanin production,Hydroquinone (skin-lightening agents),"Tranexamic acid, licorice root extract, alpha arbutin, vitamin C","https://www.ncbi.nlm.nih.gov/snp/rs1126809"
IL4,rs2243250,CC,"CT, TC, TT","Increased immune response; higher risk of allergies, inflammation, and eczema from common irritants.",Cytokine production; allergic responses,"Fragrances, preservatives","Allergen-free preservatives (phenoxyethanol, sodium phytate), oat extract (colloidal oatmeal)","https://www.ncbi.nlm.nih.gov/snp/rs2243250"
SOD2,rs4880,CC,"CT, TC, TT","Reduced antioxidant activity; skin more vulnerable to oxidative stress and irritation.",Antioxidant protection; free radical management,"Pro-oxidant treatments (high-concentration vitamin C)","Tetrahexyldecyl ascorbate, resveratrol, Centella Asiatica (Cica)","https://www.ncbi.nlm.nih.gov/snp/rs4880"
GPX1,rs1050450,CC,"CT, TC, TT","Lower glutathione activity; sensitivity to oxidative stress and antioxidants.",Reduces oxidative damage,"Strong antioxidants (vitamin E, ascorbic acid)","Ferulic acid, niacinamide, coenzyme Q10","https://www.ncbi.nlm.nih.gov/snp/rs1050450"
TNF,rs1800629,GG,"AG, GA, AA","Elevated inflammatory response; higher risk of irritation from active ingredients.",Inflammatory response,"Active treatments (retinoids, AHAs)","Beta-glucan, panthenol, green tea extract (EGCG)","https://www.ncbi.nlm.nih.gov/snp/rs1800629"
NAT2,rs1801280,GG,"AG, GA, AA","Slow acetylation; increased allergic reactions or sensitivity to synthetic dyes and preservatives.",Detoxification via acetylation,"Synthetic dyes, preservatives (parabens)","Plant-based dyes, eco-friendly preservatives (radish root ferment, rosemary extract, lactic acid)","https://www.ncbi.nlm.nih.gov/snp/rs1801280"
MC1R,rs1805007,CC,"CT, TC, TT","Increased sensitivity to UV radiation; higher risk of sunburn and photoaging.",Pigmentation; UV response,"Photosensitizing agents, inadequate sun protection","Broad-spectrum sunscreens, antioxidants (vitamin E, niacinamide), sun-protective behaviors","https://www.ncbi.nlm.nih.gov/snp/rs1805007"
MMP1,rs1799750,1G/1G,"1G/2G, 2G/2G","Increased expression leading to collagen breakdown and premature aging.",Collagen breakdown,"UV exposure, smoking","Antioxidants, sunscreens, collagen-supporting ingredients","https://www.ncbi.nlm.nih.gov/snp/rs1799750"
NQO1,rs1800566,CC,"CT, TC, TT","Reduced detoxification capacity; increased oxidative stress and potential skin aging.",Antioxidant defense; detoxification of quinones,"Pro-oxidant treatments (high-concentration vitamin C)","Stabilized antioxidants, resveratrol, coenzyme Q10","https://www.ncbi.nlm.nih.gov/snp/rs1800566"
SLC45A2,rs16891982,GG,"CG, GC, CC","Skin pigmentation variations; increased UV sensitivity.",Melanin production,"Photosensitizing agents","Sun protection measures, antioxidants","https://www.ncbi.nlm.nih.gov/snp/rs16891982"
MC1R,rs1805008,CC,"CT, TC, TT","Freckles; sun sensitivity.",Pigmentation; UV response,"Photosensitizing agents, inadequate sun protection","Broad-spectrum sunscreens, antioxidants, sun-protective behaviors","https://www.ncbi.nlm.nih.gov/snp/rs1805008"
IRF4,rs12203592,CC,"CT, TC, TT","Freckles; sun sensitivity; skin pigmentation.",Regulation of melanocyte function,"Photosensitizing agents","Sun protection measures, antioxidants","https://www.ncbi.nlm.nih.gov/snp/rs12203592"
MC1R,rs1805009,CC,"CT, TC, TT","Dermal pigmentation; sun sensitivity.",Pigmentation; UV response,"Photosensitizing agents","Broad-spectrum sunscreens, antioxidants","https://www.ncbi.nlm.nih.gov/snp/rs1805009"
TYR,rs1042602,GG,"AG, GA, AA","Skin pigmentation; UV sensitivity.",Melanin production,"Photosensitizing agents","Sun protection measures, antioxidants","https://www.ncbi.nlm.nih.gov/snp/rs1042602"
HFE,rs1799945,GG,"GC, CG, CC","Increased skin pigmentation due to iron overload.",Iron metabolism,"Iron-rich skincare products","Chelating agents, antioxidants","https://www.ncbi.nlm.nih.gov/snp/rs1799945"
MMP9,rs3918242,TT,"CT, TC, CC","Skin aging; collagen breakdown.",Collagen breakdown,"Aggressive exfoliants","Collagen-boosting ingredients, gentle skincare routines","https://www.ncbi.nlm.nih.gov/snp/rs3918242"